{
  "image_delta": [
    -0.205196,
    -0.102598,
    0,
    0.102598,
    0.205196,
    -0.205196,
    -0.102598,
    0,
    0.102598,
    0.205196,
    -0.205196,
    -0.102598,
    0,
    0.102598,
    0.205196,
    -0.205196,
    -0.102598,
    0,
    0.102598,
    0.205196,
    -0.205196,
    -0.102598,
    0,
    0.102598,
    0.205196,
    -0.205196,
    -0.102598,
    0,
    0.102598,
    0.205196,
    -0.205196,
    -0.102598,
    0,
    0.102598,
    0.205196,
    -0.205196,
    -0.102598,
    0,
    0.102598,
    0.205196,
    -0.205196,
    -0.102598,
    0,
    0.102598,
    0.205196,
    -0.205196,
    -0.102598,
    0
  ],
  "category_match_boost": 0.025,
  "locale_match_boost": 0.015,
  "top_k": 5,
  "output": "JSON object mapping query_id to an array of top_k item_id strings sorted by calibrated score."
}